# Copyright (C) 2016  Intel Corporation. All rights reserved.
# Your use of Intel Corporation's design tools, logic functions 
# and other software and tools, and its AMPP partner logic 
# functions, and any output files from any of the foregoing 
# (including device programming or simulation files), and any 
# associated documentation or information are expressly subject 
# to the terms and conditions of the Intel Program License 
# Subscription Agreement, the Intel Quartus Prime License Agreement,
# the Intel MegaCore Function License Agreement, or other 
# applicable license agreement, including, without limitation, 
# that your use is for the sole purpose of programming logic 
# devices manufactured by Intel and sold by Intel or its 
# authorized distributors.  Please refer to the applicable 
# agreement for further details.

# Quartus Prime Version 16.1.0 Build 196 10/24/2016 SJ Lite Edition
# File: C:\Users\Reinhard\Desktop\MFM_System_only.csv
# Generated on: Mon Mar 25 15:00:27 2019

# Note: The column header names should not be changed if you wish to import this .csv file into the Quartus Prime software.

To,Direction,Location,I/O Bank,VREF Group,Fitter Location,I/O Standard,Reserved,Current Strength,Slew Rate,Differential Pair,Transceiver Analog Settings Protocol,VCCR_GXB/VCCT_GXB Voltage,Transceiver I/O Pin Termination,Transceiver Dedicated Refclk Pin Termination,Transmitter Common Mode Driver Voltage,Transmitter Slew Rate Control,Transmitter Differential Output Voltage,Receiver Buffer Common Mode Voltage,Strict Preservation
altera_reserved_tck,Input,,,,PIN_AB5,,,,,,,,,,,,,,
altera_reserved_tdi,Input,,,,PIN_W10,,,,,,,,,,,,,,
altera_reserved_tdo,Output,,,,PIN_Y9,,,,,,,,,,,,,,
altera_reserved_tms,Input,,,,PIN_AC7,,,,,,,,,,,,,,
Button_1,Input,,,,PIN_AE7,,,,,,,,,,,,,,
Button_2,Input,,,,PIN_C12,,,,,,,,,,,,,,
CLK,Output,,,,PIN_B8,2.5 V,,,,,,,,,,,,,
CMD,Bidir,,,,PIN_D14,2.5 V,,,,,,,,,,,,,
D0,Bidir,,,,PIN_C13,2.5 V,,,,,,,,,,,,,
D1,Bidir,,,,PIN_B6,2.5 V,,,,,,,,,,,,,
D2,Bidir,,,,PIN_B11,2.5 V,,,,,,,,,,,,,
D3,Bidir,,,,PIN_B9,2.5 V,,,,,,,,,,,,,
DIRECTION,Bidir,,,,PIN_AD10,,,,,,,,,,,,,,
DRIVE_SLCTD,Bidir,,,,PIN_AE4,,,,,,,,,,,,,,
DRV_SLCT_0,Bidir,,,,PIN_AD12,,,,,,,,,,,,,,
DRV_SLCT_1,Bidir,,,,PIN_AH4,,,,,,,,,,,,,,
DRV_SLCT_2,Bidir,,,,PIN_AG5,,,,,,,,,,,,,,
DRV_SLCT_3,Bidir,,,,PIN_AE11,,,,,,,,,,,,,,
FPGA_CLK1_50,Input,,,,PIN_Y24,,,,,,,,,,,,,,
HD_SLCT_0,Bidir,,,,PIN_U10,,,,,,,,,,,,,,
HD_SLCT_1,Bidir,,,,PIN_AD4,,,,,,,,,,,,,,
HD_SLCT_2,Bidir,,,,PIN_AE9,,,,,,,,,,,,,,
HD_SLCT_3,Bidir,,,,PIN_AC4,,,,,,,,,,,,,,
INDEX,Bidir,,,,PIN_AF4,,,,,,,,,,,,,,
LED[7],Output,,,,PIN_AF9,,,,,,,,,,,,,,
LED[6],Output,,,,PIN_T11,,,,,,,,,,,,,,
LED[5],Output,,,,PIN_AD5,,,,,,,,,,,,,,
LED[4],Output,,,,PIN_AA26,,,,,,,,,,,,,,
LED[3],Output,,,,PIN_AF7,,,,,,,,,,,,,,
LED[2],Output,,,,PIN_T12,,,,,,,,,,,,,,
LED[1],Output,,,,PIN_AE8,,,,,,,,,,,,,,
LED[0],Output,,,,PIN_AH6,,,,,,,,,,,,,,
LED_0,Output,,,,PIN_Y5,,,,,,,,,,,,,,
LED_1,Output,,,,PIN_Y8,,,,,,,,,,,,,,
LED_2,Output,,,,PIN_AB4,,,,,,,,,,,,,,
LED_3,Output,,,,PIN_V10,,,,,,,,,,,,,,
LED_4,Output,,,,PIN_AG6,,,,,,,,,,,,,,
LED_5,Output,,,,PIN_AA4,,,,,,,,,,,,,,
LED_6,Output,,,,PIN_V13,,,,,,,,,,,,,,
LED_7,Output,,,,PIN_AC22,,,,,,,,,,,,,,
MASTER_DIR,Output,,,,PIN_AE20,,,,,,,,,,,,,,
MASTER_OE,Output,,,,PIN_AF8,,,,,,,,,,,,,,
MDC,Output,,,,PIN_A13,2.5 V,,,,,,,,,,,,,
MDIO,Bidir,,,,PIN_E16,2.5 V,,,,,,,,,,,,,
memory_mem_a[14],Output,,,,PIN_G23,SSTL-15 Class I,,maximum current,,,,,,,,,,,
memory_mem_a[13],Output,,,,PIN_C24,SSTL-15 Class I,,maximum current,,,,,,,,,,,
memory_mem_a[12],Output,,,,PIN_D24,SSTL-15 Class I,,maximum current,,,,,,,,,,,
memory_mem_a[11],Output,,,,PIN_B24,SSTL-15 Class I,,maximum current,,,,,,,,,,,
memory_mem_a[10],Output,,,,PIN_A24,SSTL-15 Class I,,maximum current,,,,,,,,,,,
memory_mem_a[9],Output,,,,PIN_F25,SSTL-15 Class I,,maximum current,,,,,,,,,,,
memory_mem_a[8],Output,,,,PIN_F26,SSTL-15 Class I,,maximum current,,,,,,,,,,,
memory_mem_a[7],Output,,,,PIN_B26,SSTL-15 Class I,,maximum current,,,,,,,,,,,
memory_mem_a[6],Output,,,,PIN_C26,SSTL-15 Class I,,maximum current,,,,,,,,,,,
memory_mem_a[5],Output,,,,PIN_J20,SSTL-15 Class I,,maximum current,,,,,,,,,,,
memory_mem_a[4],Output,,,,PIN_J21,SSTL-15 Class I,,maximum current,,,,,,,,,,,
memory_mem_a[3],Output,,,,PIN_D26,SSTL-15 Class I,,maximum current,,,,,,,,,,,
memory_mem_a[2],Output,,,,PIN_E26,SSTL-15 Class I,,maximum current,,,,,,,,,,,
memory_mem_a[1],Output,,,,PIN_B28,SSTL-15 Class I,,maximum current,,,,,,,,,,,
memory_mem_a[0],Output,,,,PIN_C28,SSTL-15 Class I,,maximum current,,,,,,,,,,,
memory_mem_ba[2],Output,,,,PIN_G25,SSTL-15 Class I,,maximum current,,,,,,,,,,,
memory_mem_ba[1],Output,,,,PIN_H25,SSTL-15 Class I,,maximum current,,,,,,,,,,,
memory_mem_ba[0],Output,,,,PIN_A27,SSTL-15 Class I,,maximum current,,,,,,,,,,,
memory_mem_cas_n,Output,,,,PIN_A26,SSTL-15 Class I,,maximum current,,,,,,,,,,,
memory_mem_ck,Output,,,,PIN_N21,Differential 1.5-V SSTL Class I,,,,memory_mem_ck(n),,,,,,,,,
memory_mem_ck(n),Output,,,,,Differential 1.5-V SSTL Class I,,,,memory_mem_ck,,,,,,,,,
memory_mem_ck_n,Output,,,,PIN_N20,Differential 1.5-V SSTL Class I,,,,memory_mem_ck_n(n),,,,,,,,,
memory_mem_ck_n(n),Output,,,,,Differential 1.5-V SSTL Class I,,,,memory_mem_ck_n,,,,,,,,,
memory_mem_cke,Output,,,,PIN_L28,SSTL-15 Class I,,maximum current,,,,,,,,,,,
memory_mem_cs_n,Output,,,,PIN_L21,SSTL-15 Class I,,maximum current,,,,,,,,,,,
memory_mem_dm[3],Output,,,,PIN_AB28,SSTL-15 Class I,,,,,,,,,,,,,
memory_mem_dm[2],Output,,,,PIN_W28,SSTL-15 Class I,,,,,,,,,,,,,
memory_mem_dm[1],Output,,,,PIN_P28,SSTL-15 Class I,,,,,,,,,,,,,
memory_mem_dm[0],Output,,,,PIN_G28,SSTL-15 Class I,,,,,,,,,,,,,
memory_mem_dq[31],Bidir,,,,PIN_AA27,SSTL-15 Class I,,,,,,,,,,,,,
memory_mem_dq[30],Bidir,,,,PIN_Y27,SSTL-15 Class I,,,,,,,,,,,,,
memory_mem_dq[29],Bidir,,,,PIN_T24,SSTL-15 Class I,,,,,,,,,,,,,
memory_mem_dq[28],Bidir,,,,PIN_R24,SSTL-15 Class I,,,,,,,,,,,,,
memory_mem_dq[27],Bidir,,,,PIN_W26,SSTL-15 Class I,,,,,,,,,,,,,
memory_mem_dq[26],Bidir,,,,PIN_AA28,SSTL-15 Class I,,,,,,,,,,,,,
memory_mem_dq[25],Bidir,,,,PIN_R25,SSTL-15 Class I,,,,,,,,,,,,,
memory_mem_dq[24],Bidir,,,,PIN_R26,SSTL-15 Class I,,,,,,,,,,,,,
memory_mem_dq[23],Bidir,,,,PIN_V27,SSTL-15 Class I,,,,,,,,,,,,,
memory_mem_dq[22],Bidir,,,,PIN_R27,SSTL-15 Class I,,,,,,,,,,,,,
memory_mem_dq[21],Bidir,,,,PIN_N27,SSTL-15 Class I,,,,,,,,,,,,,
memory_mem_dq[20],Bidir,,,,PIN_N26,SSTL-15 Class I,,,,,,,,,,,,,
memory_mem_dq[19],Bidir,,,,PIN_U28,SSTL-15 Class I,,,,,,,,,,,,,
memory_mem_dq[18],Bidir,,,,PIN_T28,SSTL-15 Class I,,,,,,,,,,,,,
memory_mem_dq[17],Bidir,,,,PIN_N25,SSTL-15 Class I,,,,,,,,,,,,,
memory_mem_dq[16],Bidir,,,,PIN_N24,SSTL-15 Class I,,,,,,,,,,,,,
memory_mem_dq[15],Bidir,,,,PIN_N28,SSTL-15 Class I,,,,,,,,,,,,,
memory_mem_dq[14],Bidir,,,,PIN_M28,SSTL-15 Class I,,,,,,,,,,,,,
memory_mem_dq[13],Bidir,,,,PIN_M26,SSTL-15 Class I,,,,,,,,,,,,,
memory_mem_dq[12],Bidir,,,,PIN_M27,SSTL-15 Class I,,,,,,,,,,,,,
memory_mem_dq[11],Bidir,,,,PIN_J28,SSTL-15 Class I,,,,,,,,,,,,,
memory_mem_dq[10],Bidir,,,,PIN_J27,SSTL-15 Class I,,,,,,,,,,,,,
memory_mem_dq[9],Bidir,,,,PIN_L25,SSTL-15 Class I,,,,,,,,,,,,,
memory_mem_dq[8],Bidir,,,,PIN_K25,SSTL-15 Class I,,,,,,,,,,,,,
memory_mem_dq[7],Bidir,,,,PIN_F28,SSTL-15 Class I,,,,,,,,,,,,,
memory_mem_dq[6],Bidir,,,,PIN_G27,SSTL-15 Class I,,,,,,,,,,,,,
memory_mem_dq[5],Bidir,,,,PIN_K26,SSTL-15 Class I,,,,,,,,,,,,,
memory_mem_dq[4],Bidir,,,,PIN_J26,SSTL-15 Class I,,,,,,,,,,,,,
memory_mem_dq[3],Bidir,,,,PIN_D27,SSTL-15 Class I,,,,,,,,,,,,,
memory_mem_dq[2],Bidir,,,,PIN_E28,SSTL-15 Class I,,,,,,,,,,,,,
memory_mem_dq[1],Bidir,,,,PIN_J24,SSTL-15 Class I,,,,,,,,,,,,,
memory_mem_dq[0],Bidir,,,,PIN_J25,SSTL-15 Class I,,,,,,,,,,,,,
memory_mem_dqs[3],Bidir,,,,PIN_U19,Differential 1.5-V SSTL Class I,,,,memory_mem_dqs_n[3],,,,,,,,,
memory_mem_dqs[2],Bidir,,,,PIN_T19,Differential 1.5-V SSTL Class I,,,,memory_mem_dqs_n[2],,,,,,,,,
memory_mem_dqs[1],Bidir,,,,PIN_R19,Differential 1.5-V SSTL Class I,,,,memory_mem_dqs_n[1],,,,,,,,,
memory_mem_dqs[0],Bidir,,,,PIN_R17,Differential 1.5-V SSTL Class I,,,,memory_mem_dqs_n[0],,,,,,,,,
memory_mem_dqs_n[3],Bidir,,,,PIN_T20,Differential 1.5-V SSTL Class I,,,,memory_mem_dqs[3],,,,,,,,,
memory_mem_dqs_n[2],Bidir,,,,PIN_T18,Differential 1.5-V SSTL Class I,,,,memory_mem_dqs[2],,,,,,,,,
memory_mem_dqs_n[1],Bidir,,,,PIN_R18,Differential 1.5-V SSTL Class I,,,,memory_mem_dqs[1],,,,,,,,,
memory_mem_dqs_n[0],Bidir,,,,PIN_R16,Differential 1.5-V SSTL Class I,,,,memory_mem_dqs[0],,,,,,,,,
memory_mem_odt,Output,,,,PIN_D28,SSTL-15 Class I,,maximum current,,,,,,,,,,,
memory_mem_ras_n,Output,,,,PIN_A25,SSTL-15 Class I,,maximum current,,,,,,,,,,,
memory_mem_reset_n,Output,,,,PIN_V28,SSTL-15 Class I,,maximum current,,,,,,,,,,,
memory_mem_we_n,Output,,,,PIN_E25,SSTL-15 Class I,,maximum current,,,,,,,,,,,
memory_oct_rzqin,Input,,,,PIN_D25,SSTL-15 Class I,,,,,,,,,,,,,
OB_SW_0,Input,,,,PIN_AG9,,,,,,,,,,,,,,
OB_SW_2,Input,,,,PIN_AA15,,,,,,,,,,,,,,
OB_SW_3,Input,,,,PIN_AE15,,,,,,,,,,,,,,
READY,Bidir,,,,PIN_AE6,,,,,,,,,,,,,,
RX_CLK,Input,,,,PIN_J12,2.5 V,,,,,,,,,,,,,
RX_CTL,Input,,,,PIN_J13,2.5 V,,,,,,,,,,,,,
RX_READ,Input,,,,PIN_AH2,,,,,,,,,,,,,,
RXD0,Input,,,,PIN_A14,2.5 V,,,,,,,,,,,,,
RXD1,Input,,,,PIN_A11,2.5 V,,,,,,,,,,,,,
RXD2,Input,,,,PIN_C15,2.5 V,,,,,,,,,,,,,
RXD3,Input,,,,PIN_A9,2.5 V,,,,,,,,,,,,,
SEEK_CMPLT,Bidir,,,,PIN_AA11,,,,,,,,,,,,,,
SLAVE_DIR,Output,,,,PIN_AE26,,,,,,,,,,,,,,
SLAVE_OE,Output,,,,PIN_U11,,,,,,,,,,,,,,
STEP,Bidir,,,,PIN_AF10,,,,,,,,,,,,,,
SW_0,Input,,,,PIN_AB25,,,,,,,,,,,,,,
SW_1,Input,,,,PIN_V11,,,,,,,,,,,,,,
SW_2,Input,,,,PIN_E8,,,,,,,,,,,,,,
SW_3,Input,,,,PIN_E11,,,,,,,,,,,,,,
SW_4,Input,,,,PIN_T13,,,,,,,,,,,,,,
SW_5,Input,,,,PIN_AH3,,,,,,,,,,,,,,
SW_6,Input,,,,PIN_D11,,,,,,,,,,,,,,
SW_7,Input,,,,PIN_D8,,,,,,,,,,,,,,
Test_1,Output,,,,PIN_W11,,,,,,,,,,,,,,
Test_2,Output,,,,PIN_AD11,,,,,,,,,,,,,,
Test_3,Output,,,,PIN_U9,,,,,,,,,,,,,,
Test_4,Output,,,,PIN_T8,,,,,,,,,,,,,,
Test_5,Output,,,,PIN_Y4,,,,,,,,,,,,,,
TRACK_0,Bidir,,,,PIN_AF11,,,,,,,,,,,,,,
TX_CLK,Output,,,,PIN_J15,2.5 V,,,,,,,,,,,,,
TX_CTL,Output,,,,PIN_A12,2.5 V,,,,,,,,,,,,,
TX_READ,Output,,,,PIN_Y11,,,,,,,,,,,,,,
TX_READ_ENABLE,Output,,,,PIN_AH9,,,,,,,,,,,,,,
TX_WRITE,Input,,,,PIN_W20,,,,,,,,,,,,,,
TX_WRITE_ENABLE,Output,,,,PIN_AH16,,,,,,,,,,,,,,
TXD0,Output,,,,PIN_A16,2.5 V,,,,,,,,,,,,,
TXD1,Output,,,,PIN_J14,2.5 V,,,,,,,,,,,,,
TXD2,Output,,,,PIN_A15,2.5 V,,,,,,,,,,,,,
TXD3,Output,,,,PIN_D17,2.5 V,,,,,,,,,,,,,
UART_RXD,Input,,,,PIN_AG8,,,,,,,,,,,,,,
UART_TXD,Output,,,,PIN_AE12,,,,,,,,,,,,,,
WRITE_FAULT,Bidir,,,,PIN_W12,,,,,,,,,,,,,,
WRITE_GATE,Input,,,,PIN_W8,,,,,,,,,,,,,,
