# Copyright (C) 2016  Intel Corporation. All rights reserved.
# Your use of Intel Corporation's design tools, logic functions 
# and other software and tools, and its AMPP partner logic 
# functions, and any output files from any of the foregoing 
# (including device programming or simulation files), and any 
# associated documentation or information are expressly subject 
# to the terms and conditions of the Intel Program License 
# Subscription Agreement, the Intel Quartus Prime License Agreement,
# the Intel MegaCore Function License Agreement, or other 
# applicable license agreement, including, without limitation, 
# that your use is for the sole purpose of programming logic 
# devices manufactured by Intel and sold by Intel or its 
# authorized distributors.  Please refer to the applicable 
# agreement for further details.

# Quartus Prime Version 16.1.0 Build 196 10/24/2016 SJ Lite Edition
# File: D:\SoC\MFM-DE10_SoC_Emulator\output_files\MFM_emulator.csv
# Generated on: Fri Mar 01 13:22:00 2019

# Note: The column header names should not be changed if you wish to import this .csv file into the Quartus Prime software.

To,Direction,Location,I/O Bank,VREF Group,Fitter Location,I/O Standard,Reserved,Current Strength,Slew Rate,Differential Pair,Transceiver Analog Settings Protocol,VCCR_GXB/VCCT_GXB Voltage,Transceiver I/O Pin Termination,Transceiver Dedicated Refclk Pin Termination,Transmitter Common Mode Driver Voltage,Transmitter Slew Rate Control,Transmitter Differential Output Voltage,Receiver Buffer Common Mode Voltage,Strict Preservation
altera_reserved_tck,Input,,,,PIN_AB5,,,,,,,,,,,,,,
altera_reserved_tdi,Input,,,,PIN_W10,,,,,,,,,,,,,,
altera_reserved_tdo,Output,,,,PIN_Y9,,,,,,,,,,,,,,
altera_reserved_tms,Input,,,,PIN_AC7,,,,,,,,,,,,,,
#
memory_mem_a[14],Output,,,,PIN_G23,SSTL-15 Class I,,maximum current,,,,,,,,,,,
memory_mem_a[13],Output,,,,PIN_C24,SSTL-15 Class I,,maximum current,,,,,,,,,,,
memory_mem_a[12],Output,,,,PIN_D24,SSTL-15 Class I,,maximum current,,,,,,,,,,,
memory_mem_a[11],Output,,,,PIN_B24,SSTL-15 Class I,,maximum current,,,,,,,,,,,
memory_mem_a[10],Output,,,,PIN_A24,SSTL-15 Class I,,maximum current,,,,,,,,,,,
memory_mem_a[9],Output,,,,PIN_F25,SSTL-15 Class I,,maximum current,,,,,,,,,,,
memory_mem_a[8],Output,,,,PIN_F26,SSTL-15 Class I,,maximum current,,,,,,,,,,,
memory_mem_a[7],Output,,,,PIN_B26,SSTL-15 Class I,,maximum current,,,,,,,,,,,
memory_mem_a[6],Output,,,,PIN_C26,SSTL-15 Class I,,maximum current,,,,,,,,,,,
memory_mem_a[5],Output,,,,PIN_J20,SSTL-15 Class I,,maximum current,,,,,,,,,,,
memory_mem_a[4],Output,,,,PIN_J21,SSTL-15 Class I,,maximum current,,,,,,,,,,,
memory_mem_a[3],Output,,,,PIN_D26,SSTL-15 Class I,,maximum current,,,,,,,,,,,
memory_mem_a[2],Output,,,,PIN_E26,SSTL-15 Class I,,maximum current,,,,,,,,,,,
memory_mem_a[1],Output,,,,PIN_B28,SSTL-15 Class I,,maximum current,,,,,,,,,,,
memory_mem_a[0],Output,,,,PIN_C28,SSTL-15 Class I,,maximum current,,,,,,,,,,,
memory_mem_ba[2],Output,,,,PIN_G25,SSTL-15 Class I,,maximum current,,,,,,,,,,,
memory_mem_ba[1],Output,,,,PIN_H25,SSTL-15 Class I,,maximum current,,,,,,,,,,,
memory_mem_ba[0],Output,,,,PIN_A27,SSTL-15 Class I,,maximum current,,,,,,,,,,,
memory_mem_cas_n,Output,,,,PIN_A26,SSTL-15 Class I,,maximum current,,,,,,,,,,,
memory_mem_ck,Output,,,,PIN_N21,Differential 1.5-V SSTL Class I,,,,memory_mem_ck(n),,,,,,,,,
memory_mem_ck_n,Output,,,,PIN_N20,Differential 1.5-V SSTL Class I,,,,memory_mem_ck_n(n),,,,,,,,,
memory_mem_cke,Output,,,,PIN_L28,SSTL-15 Class I,,maximum current,,,,,,,,,,,
memory_mem_cs_n,Output,,,,PIN_L21,SSTL-15 Class I,,maximum current,,,,,,,,,,,
memory_mem_dm[3],Output,,,,PIN_AB28,SSTL-15 Class I,,,,,,,,,,,,,
memory_mem_dm[2],Output,,,,PIN_W28,SSTL-15 Class I,,,,,,,,,,,,,
memory_mem_dm[1],Output,,,,PIN_P28,SSTL-15 Class I,,,,,,,,,,,,,
memory_mem_dm[0],Output,,,,PIN_G28,SSTL-15 Class I,,,,,,,,,,,,,
memory_mem_dq[31],Bidir,,,,PIN_AA27,SSTL-15 Class I,,,,,,,,,,,,,
memory_mem_dq[30],Bidir,,,,PIN_Y27,SSTL-15 Class I,,,,,,,,,,,,,
memory_mem_dq[29],Bidir,,,,PIN_T24,SSTL-15 Class I,,,,,,,,,,,,,
memory_mem_dq[28],Bidir,,,,PIN_R24,SSTL-15 Class I,,,,,,,,,,,,,
memory_mem_dq[27],Bidir,,,,PIN_W26,SSTL-15 Class I,,,,,,,,,,,,,
memory_mem_dq[26],Bidir,,,,PIN_AA28,SSTL-15 Class I,,,,,,,,,,,,,
memory_mem_dq[25],Bidir,,,,PIN_R25,SSTL-15 Class I,,,,,,,,,,,,,
memory_mem_dq[24],Bidir,,,,PIN_R26,SSTL-15 Class I,,,,,,,,,,,,,
memory_mem_dq[23],Bidir,,,,PIN_V27,SSTL-15 Class I,,,,,,,,,,,,,
memory_mem_dq[22],Bidir,,,,PIN_R27,SSTL-15 Class I,,,,,,,,,,,,,
memory_mem_dq[21],Bidir,,,,PIN_N27,SSTL-15 Class I,,,,,,,,,,,,,
memory_mem_dq[20],Bidir,,,,PIN_N26,SSTL-15 Class I,,,,,,,,,,,,,
memory_mem_dq[19],Bidir,,,,PIN_U28,SSTL-15 Class I,,,,,,,,,,,,,
memory_mem_dq[18],Bidir,,,,PIN_T28,SSTL-15 Class I,,,,,,,,,,,,,
memory_mem_dq[17],Bidir,,,,PIN_N25,SSTL-15 Class I,,,,,,,,,,,,,
memory_mem_dq[16],Bidir,,,,PIN_N24,SSTL-15 Class I,,,,,,,,,,,,,
memory_mem_dq[15],Bidir,,,,PIN_N28,SSTL-15 Class I,,,,,,,,,,,,,
memory_mem_dq[14],Bidir,,,,PIN_M28,SSTL-15 Class I,,,,,,,,,,,,,
memory_mem_dq[13],Bidir,,,,PIN_M26,SSTL-15 Class I,,,,,,,,,,,,,
memory_mem_dq[12],Bidir,,,,PIN_M27,SSTL-15 Class I,,,,,,,,,,,,,
memory_mem_dq[11],Bidir,,,,PIN_J28,SSTL-15 Class I,,,,,,,,,,,,,
memory_mem_dq[10],Bidir,,,,PIN_J27,SSTL-15 Class I,,,,,,,,,,,,,
memory_mem_dq[9],Bidir,,,,PIN_L25,SSTL-15 Class I,,,,,,,,,,,,,
memory_mem_dq[8],Bidir,,,,PIN_K25,SSTL-15 Class I,,,,,,,,,,,,,
memory_mem_dq[7],Bidir,,,,PIN_F28,SSTL-15 Class I,,,,,,,,,,,,,
memory_mem_dq[6],Bidir,,,,PIN_G27,SSTL-15 Class I,,,,,,,,,,,,,
memory_mem_dq[5],Bidir,,,,PIN_K26,SSTL-15 Class I,,,,,,,,,,,,,
memory_mem_dq[4],Bidir,,,,PIN_J26,SSTL-15 Class I,,,,,,,,,,,,,
memory_mem_dq[3],Bidir,,,,PIN_D27,SSTL-15 Class I,,,,,,,,,,,,,
memory_mem_dq[2],Bidir,,,,PIN_E28,SSTL-15 Class I,,,,,,,,,,,,,
memory_mem_dq[1],Bidir,,,,PIN_J24,SSTL-15 Class I,,,,,,,,,,,,,
memory_mem_dq[0],Bidir,,,,PIN_J25,SSTL-15 Class I,,,,,,,,,,,,,
memory_mem_dqs[3],Bidir,,,,PIN_U19,Differential 1.5-V SSTL Class I,,,,memory_mem_dqs_n[3],,,,,,,,,
memory_mem_dqs[2],Bidir,,,,PIN_T19,Differential 1.5-V SSTL Class I,,,,memory_mem_dqs_n[2],,,,,,,,,
memory_mem_dqs[1],Bidir,,,,PIN_R19,Differential 1.5-V SSTL Class I,,,,memory_mem_dqs_n[1],,,,,,,,,
memory_mem_dqs[0],Bidir,,,,PIN_R17,Differential 1.5-V SSTL Class I,,,,memory_mem_dqs_n[0],,,,,,,,,
memory_mem_dqs_n[3],Bidir,,,,PIN_T20,Differential 1.5-V SSTL Class I,,,,memory_mem_dqs[3],,,,,,,,,
memory_mem_dqs_n[2],Bidir,,,,PIN_T18,Differential 1.5-V SSTL Class I,,,,memory_mem_dqs[2],,,,,,,,,
memory_mem_dqs_n[1],Bidir,,,,PIN_R18,Differential 1.5-V SSTL Class I,,,,memory_mem_dqs[1],,,,,,,,,
memory_mem_dqs_n[0],Bidir,,,,PIN_R16,Differential 1.5-V SSTL Class I,,,,memory_mem_dqs[0],,,,,,,,,
memory_mem_ck(n),Output,,,,,Differential 1.5-V SSTL Class I,,,,memory_mem_ck,,,,,,,,,
memory_mem_ck_n(n),Output,,,,,Differential 1.5-V SSTL Class I,,,,memory_mem_ck_n,,,,,,,,,
memory_mem_odt,Output,,,,PIN_D28,SSTL-15 Class I,,maximum current,,,,,,,,,,,
memory_mem_ras_n,Output,,,,PIN_A25,SSTL-15 Class I,,maximum current,,,,,,,,,,,
memory_mem_reset_n,Output,,,,PIN_V28,SSTL-15 Class I,,maximum current,,,,,,,,,,,
memory_mem_we_n,Output,,,,PIN_E25,SSTL-15 Class I,,maximum current,,,,,,,,,,,
memory_oct_rzqin,Input,,,,PIN_D25,SSTL-15 Class I,,,,,,,,,,,,,
RX_CLK,Input,,,,PIN_J12,2.5 V,,,,,,,,,,,,,
RX_CTL,Input,,,,PIN_J13,2.5 V,,,,,,,,,,,,,
RXD0,Input,,,,PIN_A14,2.5 V,,,,,,,,,,,,,
RXD1,Input,,,,PIN_A11,2.5 V,,,,,,,,,,,,,
RXD2,Input,,,,PIN_C15,2.5 V,,,,,,,,,,,,,
RXD3,Input,,,,PIN_A9,2.5 V,,,,,,,,,,,,,
TXD0,Output,,,,PIN_A16,2.5 V,,,,,,,,,,,,,
TXD1,Output,,,,PIN_J14,2.5 V,,,,,,,,,,,,,
TXD2,Output,,,,PIN_A15,2.5 V,,,,,,,,,,,,,
TXD3,Output,,,,PIN_D17,2.5 V,,,,,,,,,,,,,
TX_CLK,Output,,,,PIN_J15,2.5 V,,,,,,,,,,,,,
TX_CTL,Output,,,,PIN_A12,2.5 V,,,,,,,,,,,,,
MDC,Output,,,,PIN_A13,2.5 V,,,,,,,,,,,,,
MDIO,Bidir,,,,PIN_E16,2.5 V,,,,,,,,,,,,,
CLK,Output,,,,PIN_B8,2.5 V,,,,,,,,,,,,,
CMD,Bidir,,,,PIN_D14,2.5 V,,,,,,,,,,,,,
D0,Bidir,,,,PIN_C13,2.5 V,,,,,,,,,,,,,
D1,Bidir,,,,PIN_B6,2.5 V,,,,,,,,,,,,,
D2,Bidir,,,,PIN_B11,2.5 V,,,,,,,,,,,,,
D3,Bidir,,,,PIN_B9,2.5 V,,,,,,,,,,,,,
#
FPGA_CLK1_50,Input,PIN_V11,3B,B3B_N0,PIN_V11,3.3-V LVTTL,as input tri-stated,,,,,,,,,,,,
FPGA_CLK3_50,Input,PIN_E11,8A,B8A_N0,PIN_E11,3.3-V LVTTL,as input tri-stated,,,,,,,,,,,,
FPGA_CLK2_50,Input,PIN_Y13,4A,B4A_N0,PIN_Y13,3.3-V LVCMOS,as input tri-stated,,,,,,,,,,,,
#
# Onboard Switch
OB_SW_0,Input,PIN_Y24,5B,B5B_N0,PIN_Y24,3.3-V LVTTL,as input tri-stated,,,,,,,,,,,,
OB_SW_1,Input,PIN_W24,5B,B5B_N0,PIN_W24,3.3-V LVTTL,as input tri-stated,,,,,,,,,,,,
OB_SW_2,Input,PIN_W21,5B,B5B_N0,PIN_W21,3.3-V LVTTL,as input tri-stated,,,,,,,,,,,,
OB_SW_3,Input,PIN_W20,5B,B5B_N0,PIN_W20,3.3-V LVTTL,as input tri-stated,,,,,,,,,,,,
#
# Onboard Button
Button_1,Input,PIN_AH17,4A,B4A_N0,PIN_AH17,3.3-V LVTTL,as input tri-stated,,,,,,,,,,,,
Button_2,Input,PIN_AH16,4A,B4A_N0,PIN_AH16,3.3-V LVTTL,as input tri-stated,,,,,,,,,,,,
#
# Onboard LED's
LED[7],Output,PIN_AA23,5A,B5A_N0,PIN_AA23,3.3-V LVTTL,as output driving vcc,,,,,,,,,,,,
LED[6],Output,PIN_Y16,5A,B5A_N0,PIN_Y16,3.3-V LVTTL,as output driving vcc,,,,,,,,,,,,
LED[5],Output,PIN_AE26,5A,B5A_N0,PIN_AE26,3.3-V LVTTL,as output driving vcc,,,,,,,,,,,,
LED[4],Output,PIN_AF26,5A,B5A_N0,PIN_AF26,3.3-V LVTTL,as output driving vcc,,,,,,,,,,,,
LED[3],Output,PIN_V15,5A,B5A_N0,PIN_V15,3.3-V LVTTL,as output driving vcc,,,,,,,,,,,,
LED[2],Output,PIN_V16,5A,B5A_N0,PIN_V16,3.3-V LVTTL,as output driving vcc,,,,,,,,,,,,
LED[1],Output,PIN_AA24,5A,B5A_N0,PIN_AA24,3.3-V LVTTL,as output driving vcc,,,,,,,,,,,,
LED[0],Output,PIN_W15,5A,B5A_N0,PIN_W15,3.3-V LVTTL,as output driving vcc,,,,,,,,,,,,
#
# Old LED from RL-Emulator board, used for DEBUG purpuse only,
LED_0,Output,PIN_AG21,4A,B4A_N0,PIN_AG21,3.3-V LVTTL,as output driving vcc,,,,,,,,,,,,
LED_1,Output,PIN_AA20,5A,B5A_N0,PIN_AA20,3.3-V LVTTL,as output driving vcc,,,,,,,,,,,,
LED_2,Output,PIN_AE22,4A,B4A_N0,PIN_AE22,3.3-V LVTTL,as output driving vcc,,,,,,,,,,,,
LED_3,Output,PIN_AF21,4A,B4A_N0,PIN_AF21,3.3-V LVTTL,as output driving vcc,,,,,,,,,,,,
LED_4,Output,PIN_AG19,4A,B4A_N0,PIN_AG19,3.3-V LVTTL,as output driving vcc,,,,,,,,,,,,
LED_5,Output,PIN_AG18,4A,B4A_N0,PIN_AG18,3.3-V LVTTL,as output driving vcc,,,,,,,,,,,,
LED_6,Output,PIN_AF18,4A,B4A_N0,PIN_AF18,3.3-V LVTTL,as output driving vcc,,,,,,,,,,,,
LED_7,Output,PIN_AF20,4A,B4A_N0,PIN_AF20,3.3-V LVTTL,as output driving vcc,,,,,,,,,,,,
#
#
#                                MFM - EMULATOR board signals
# Pin 1 bis 10 :
TX_READ_ENABLE,Output,PIN_V12,3B,B3B_N0,PIN_AC23,3.3-V LVTTL,as output driving vcc,,,,,,,,,,,,
TX_READ,Output,PIN_E8,8A,B8A_N0,PIN_AB23,3.3-V LVTTL,as output driving vcc,,,,,,,,,,,,
RX_READ,Input,PIN_W12,3B,B3B_N0,PIN_Y19,3.3-V LVTTL,as input tri-stated,,,,,,,,,,,,
RX_WRITE,Output,PIN_D11,8A,B8A_N0,PIN_W11,3.3-V LVTTL,as output driving vcc,,,,,,,,,,,,
TX_WRITE,Input,PIN_D8,8A,B8A_N0,PIN_AB26,3.3-V LVTTL,as input tri-stated,,,,,,,,,,,,
TX_WRITE_ENABLE,Output,PIN_AH13,4A,B4A_N0,PIN_AA26,3.3-V LVTTL,as output driving vcc,,,,,,,,,,,,
SLAVE_DIR,Output,PIN_AF7,3B,B3B_N0,PIN_V12,3.3-V LVTTL,as output driving vcc,,,,,,,,,,,,
DRIVE_SLCTD,Bidir,PIN_AH14,4A,B4A_N0,PIN_W12,3.3-V LVTTL,as_bidirectional,,,,,,,,,,,,
READY,Bidir,PIN_AF4,3B,B3B_N0,,3.3-V LVTTL,as_bidirectional,,,,,,,,,,,,
INDEX,Bidir,PIN_AH3,3B,B3B_N0,,3.3-V LVTTL,as bidirectional,,,,,,,,,,,,
# Pin 13 bis 28
WRITE_FAULT,Bidir,PIN_AD5,3A,B3A_N0,,3.3-V LVTTL,as bidirectional,,,,,,,,,,,,
TRACK_0,Bidir,PIN_AG14,4A,B4A_N0,,3.3-V LVTTL,as bidirectional,,,,,,,,,,,,
SEEK_CMPLT,Bidir,PIN_AE23,4A,B4A_N0,PIN_AF7,3.3-V LVTTL,as bidirectional,,,,,,,,,,,,
SLAVE_OE,Output,PIN_AE6,3A,B3A_N0,PIN_AH14,3.3-V LVTTL,as output driving vcc,,,,,,,,,,,,
DIRECTION,Bidir,PIN_AD23,4A,B4A_N0,PIN_AF4,3.3-V LVTTL,as bidirectional,,,,,,,,,,,,
# Pin 18 = not used 
DRV_SLCT_2,Bidir,PIN_D12,8A,B8A_N0,PIN_AD5,3.3-V LVTTL,as bidirectional,,,,,,,,,,,,
DRV_SLCT_3,Bidir,PIN_AD20,4A,B4A_N0,PIN_AH3,3.3-V LVTTL,as bidirectional,,,,,,,,,,,,
MASTER_OE,Output,PIN_C12,8A,B8A_N0,PIN_AC22,3.3-V LVTTL,as output driving vcc,,,,,,,,,,,,
DRV_SLCT_1,Bidir,PIN_AD17,4A,B4A_N0,PIN_AG14,3.3-V LVTTL,as bidirectional,,,,,,,,,,,,
DRV_SLCT_0,Bidir,PIN_AC23,4A,B4A_N0,PIN_AE6,3.3-V LVTTL,as bidirectional,,,,,,,,,,,,
MASTER_DIR,Output,PIN_AC22,4A,B4A_N0,PIN_AE23,3.3-V LVTTL,as output driving vcc,,,,,,,,,,,,
HD_SLCT_1,Bidir,PIN_Y19,5A,B5A_N0,PIN_AE24,3.3-V LVTTL,as bidirectional,,,,,,,,,,,,
STEP,Bidir,PIN_AB23,5A,B5A_N0,PIN_AD23,3.3-V LVTTL,as bidirectional,,,,,,,,,,,,
WRITE_GATE,Input,PIN_AA19,4A,B4A_N0,PIN_AD20,3.3-V LVTTL,as input tri-stated,,,,,,,,,,,,
HD_SLCT_0,Input,PIN_W11,3B,B3B_N0,PIN_D12,3.3-V LVTTL,as input tri-stated,,,,,,,,,,,,
# Pin 31 bis 40
HD_SLCT_3,Bidir,PIN_AA18,4A,B4A_N0,PIN_AD17,3.3-V LVTTL,as bidirectional,,,,,,,,,,,,
HD_SLCT_2,Bidir,PIN_W14,4A,B4A_N0,PIN_C12,3.3-V LVTTL,as bidirectional,,,,,,,,,,,,
SW_5,Input,PIN_Y18,5A,B5A_N0,PIN_AF27,3.3-V LVTTL,as input tri-stated,,,,,,,,,,,,
SW_4,Input,PIN_Y17,5A,B5A_N0,PIN_AE25,3.3-V LVTTL,as input tri-stated,,,,,,,,,,,,
SW_7,Input,PIN_AB25,5B,B5B_N0,PIN_AH27,3.3-V LVTTL,as input tri-stated,,,,,,,,,,,,
SW_6,Input,PIN_AB26,5B,B5B_N0,PIN_AG26,3.3-V LVTTL,as input tri-stated,,,,,,,,,,,,
SW_2,Input,PIN_Y11,3A,B3A_N0,PIN_AG28,3.3-V LVTTL,as input tri-stated,,,,,,,,,,,,
SW_3,Input,PIN_AA26,5B,B5B_N0,PIN_AF28,3.3-V LVTTL,as input tri-stated,,,,,,,,,,,,
SW_0,Input,PIN_AA13,4A,B4A_N0,PIN_Y15,3.3-V LVTTL,as input tri-stated,,,,,,,,,,,,
SW_1,Input,PIN_AA11,3A,B3A_N0,PIN_AA15,3.3-V LVTTL,as input tri-stated,,,,,,,,,,,,
#
# Onboard Switch, hier von RL-Emulator
#SW_0,Input,PIN_Y15,4A,B4A_N0,PIN_Y15,3.3-V LVTTL,as input tri-stated,,,,,,,,,,,,
#SW_1,Input,PIN_AA15,4A,B4A_N0,PIN_AA15,3.3-V LVTTL,as input tri-stated,,,,,,,,,,,,
#SW_2,Input,PIN_AG28,4A,B4A_N0,PIN_AG28,3.3-V LVTTL,as input tri-stated,,,,,,,,,,,,
#SW_3,Input,PIN_AF28,4A,B4A_N0,PIN_AF28,3.3-V LVTTL,as input tri-stated,,,,,,,,,,,,
#SW_4,Input,PIN_AE25,5A,B5A_N0,PIN_AE25,3.3-V LVTTL,as input tri-stated,,,,,,,,,,,,
#SW_5,Input,PIN_AF27,4A,B4A_N0,PIN_AF27,3.3-V LVTTL,as input tri-stated,,,,,,,,,,,,
#SW_6,Input,PIN_AG26,4A,B4A_N0,PIN_AG26,3.3-V LVTTL,as input tri-stated,,,,,,,,,,,,
#
# Test & UART Pins, temporary @ ARDUINO connector
Test_1,Output,PIN_AG10,4A,B4A_N0,PIN_AG10,3.3-V LVTTL,as output driving vcc,,,,,,,,,,,,
Test_2,Output,PIN_AG9,4A,B4A_N0,PIN_AG9,3.3-V LVTTL,as output driving vcc,,,,,,,,,,,,
Test_3,Output,PIN_U14,4A,B4A_N0,PIN_U14,3.3-V LVTTL,as output driving vcc,,,,,,,,,,,,
Test_4,Output,PIN_U13,4A,B4A_N0,PIN_U13,3.3-V LVTTL,as output driving vcc,,,,,,,,,,,,
Test_5,Output,PIN_AG8,4A,B4A_N0,PIN_AG8,3.3-V LVTTL,as output driving vcc,,,,,,,,,,,,
Test_6,Output,PIN_AH8,4A,B4A_N0,PIN_AH8,3.3-V LVTTL,as output driving vcc,,,,,,,,,,,,
Test_7,Output,PIN_AF17,4A,B4A_N0,PIN_AF17,3.3-V LVTTL,as output driving vcc,,,,,,,,,,,,
Test_8,Output,PIN_AE15,4A,B4A_N0,PIN_AE15,3.3-V LVTTL,as output driving vcc,,,,,,,,,,,,
UART_RXD,Input,PIN_AG13,4A,B4A_N0,PIN_AG13,3.3-V LVTTL,as input tri-stated,,,,,,,,,,,,
UART_TXD,Output,PIN_AF13,4A,B4A_N0,PIN_AF13,3.3-V LVTTL,as output driving vcc,,,,,,,,,,,,

